PROGRAMS,CATEGORY ,DESCRIPTION,BENEFICIARIES,SPECIFIC BENEFACTORS,BASIC NEEDS/HELP
DSWD AICS (Assistance to Individuals in Crisis Situation,GOVERNMENT PROGRAM,acts as a social safety net for individuals and families facing unexpected life transitions or emergencies.,"Benificiaries are anyone in a ""crisis situation,"" such as those dealing with a sudden death in the family, a medical emergency, or being stranded","Families with sudden death (burial needs)
Patients needing urgent medical help
Stranded individuals (no money to go home)
Families in sudden crisis (fire, accident, etc.)","Financial assistance for emergencies (medical, burial, transportation) / Food and basic necessities / Temporary shelter or travel support / Immediate crisis intervention"
DSWD SLP (Sustainable Livelihood Program) ,GOVERNMENT PROGRAM,focuses on long-term economic empowerment rather than immediate relief. t offers two tracks: the Micro-enterprise Development track (providing seed capital to start a small business) and the Employment Facilitation track (providing skills training and job placement),"Beneficiaries are primarily poor, vulnerable, and marginalized households, often including those under the Pantawid Pamilyang Pilipino Program (4Ps).","Poor and vulnerable households
4Ps beneficiaries
Families needing long-term income support
Individuals who want to start or grow a business",Seed capital for small businesses / Livelihood starter kits / Skills training for entrepreneurship / Job placement assistance
DSWD Supplementary Feeding Program,GOVERNMENT PROGRAM,"is a nutrition-focused initiative that provides hot meals and milk to children to combat undernutrition. As of 2026, the program has expanded its duration to 180 feeding days",Beneficiaries are children aged two to five years old enrolled in Child Development Centers (CDCs) and Supervised Neighborhood Playgroups (SNPs).,"Children 2–5 years old
Enrolled in daycare / child development centers
Undernourished or at risk of malnutrition",Daily nutritious hot meals / Milk supplementation / Nutrition support for child development / Monitoring of children’s health and growth
DOLE TUPAD (Tulong Panghanapbuhay sa Ating Disadvantaged/Displaced Workers) ,GOVERNMENT PROGRAM,is a community-based emergency employment program. It provides short-term manual labor (usually 10 to 30 days) in exchange for a daily wage based on the regional minimum. ,"Beneficiaries are displaced, underemployed, or seasonal informal workers, and the list has recently expanded to include indigenous peoples and guardians of child laborers.","Displaced workers (lost jobs)
Underemployed workers (not enough income)
Informal workers (vendors, drivers, laborers)
Seasonal workers (farmers, fishers)
Indigenous peoples
Guardians of child laborers",Short-term employment (10–30 days) / Daily wages based on minimum wage / Emergency income support / Basic PPEs while working (in some cases)
DOLE DILP (DOLE Integrated Livelihood Program),GOVERNMENT PROGRAM,"also known as the Kabuhayan Program, provides grant assistance for the purchase of raw materials, tools, and equipment for starting or enhancing a small business. Unlike TUPAD, which is a wage-for-work program, DILP provides the ""starter kits"" or capital for entrepreneurship. ","Beneficiaries include self-employed workers, marginalized farmers, fishers, and PWDs.
","Unemployed individuals
Small vendors / low-income self-employed
Solo parents needing extra income
PWDs who can run small businesses
Farmers and fishers (no income in off-season)","Livelihood starter kits (tools, equipment, raw materials) / Capital assistance for small businesses / Support for self-employment / Capacity-building for entrepreneurs"
TESDA STEP (Special Training for Employment Program),GOVERNMENT PROGRAM,"is a community-based specialty training program that focuses on ""entrepreneurial, self-employment, and service-oriented"" skills. Students receive free training, a starter tool kit for their trade, and a daily allowance.","Beneficiaries are primarily residents of low-income communities who have not had prior formal or vocational training.
","Out-of-school youth (15–30)
High school graduates not in college
Stay-at-home parents
Adults with no skills",Free technical/vocational training / Starter tool kits / Daily training allowance / Skills for self-employment
TESDA TWSP (Training for Work Scholarship Program),GOVERNMENT PROGRAM,"is designed to meet the specific ""skills gaps"" of high-demand industries like IT-BPM, construction, and tourism. It aims to make students immediately employable by partnering with industry providers. ",Beneficiaries are individuals at least 18 years old who are looking for specific certifications to qualify for existing job vacancies in priority sectors.,"Job seekers (18+)
People with skills but no certificate
Those targeting BPO, construction, tourism
Returning OFWs","Free industry-relevant training (IT, construction, tourism, etc.) / Certification for employment / Assessment and training costs covered / Increased employability for in-demand jobs "
DOH MAIFIP (Medical Assistance to Indigent and Financially-Incapacitated Patients),GOVERNMENT PROGRAM,"Is a program that covers the medical and hospitalization costs of patients who cannot afford their bills in government hospitals. It works by providing a budget to public health facilities to ""subsidize"" the treatment of those in need.","The beneficiaries are patients classified as indigent or those who, while not strictly ""poor,"" are ""financially incapacitated"" due to catastrophic medical expenses.","Low-income or indigent patients
Families with emergency medical expenses
Seniors needing maintenance medicine
PWDs with medical needs",Financial assistance for hospital bills / Subsidy for medical treatments / Support for medicines and procedures / Access to healthcare for indigent patients